#,Tag,Event,Event Link,Pokémon,Sprite Override,★,Ball,Lv.,M/F,Ability,Nature,OT,TID,Dates,Proof,,Ribbon,Trade Link,Trade History,Notes,Location,Box Location,Additional Links,,,Rule 3,Cur Gen,Event Gen,Personal,Traded,Hide from PTrades,Limit Duplicates,is Set
,,,,,,,,,,,,,,,,,,,,,,,,,,,,,,,,,
,,,,,,,,,,,,,,,,,,,,,,,,,,,,,,,,,
640,JPN,Pokemon Scrap 2020,https://bulbapedia.bulbagarden.net/wiki/List_of_serial_code_event_Pok%C3%A9mon_distributions_in_Generation_VIII#Pok.C3.A9mon_Scrap_2020_Pok.C3.A9mon,Genesect,,,Cherish Ball,60,,Download,Docile,ゲッチャレ,201120,17/12/2020,Video,,Classic,https://www.reddit.com/r/pokemontrades/comments/keqa6t/comment/gg417fj/?utm_source=share&utm_medium=web2x&context=3,Redeemed by avs6134 > me,,SWSH,,,,,Genesect | ゲッチャレ | 201120 | Redeemed by avs6134 > me,8,8,FALSE,FALSE,FALSE,FALSE,TRUE
640,JPN,Pokemon Scrap 2020,https://bulbapedia.bulbagarden.net/wiki/List_of_serial_code_event_Pok%C3%A9mon_distributions_in_Generation_VIII#Pok.C3.A9mon_Scrap_2020_Pok.C3.A9mon,Genesect,,,Cherish Ball,60,,Download,Rash,ゲッチャレ,201120,17/12/2020,Video,,Classic,https://www.reddit.com/r/pokemontrades/comments/keqa6t/comment/gg417fj/?utm_source=share&utm_medium=web2x&context=3,Redeemed by avs6134 > me,,SWSH,,,,,Genesect | ゲッチャレ | 201120 | Redeemed by avs6134 > me,8,8,FALSE,FALSE,FALSE,TRUE,FALSE
640,JPN,Pokemon Scrap 2020,https://bulbapedia.bulbagarden.net/wiki/List_of_serial_code_event_Pok%C3%A9mon_distributions_in_Generation_VIII#Pok.C3.A9mon_Scrap_2020_Pok.C3.A9mon,Genesect,,,Cherish Ball,60,,Download,Jolly,ゲッチャレ,201120,17/12/2020,Video,,Classic,https://www.reddit.com/r/pokemontrades/comments/keqa6t/comment/gg417fj/?utm_source=share&utm_medium=web2x&context=3,Redeemed by avs6134 > me,,SWSH,,,,,Genesect | ゲッチャレ | 201120 | Redeemed by avs6134 > me,8,8,FALSE,FALSE,FALSE,TRUE,FALSE
640,JPN,Pokemon Scrap 2020,https://bulbapedia.bulbagarden.net/wiki/List_of_serial_code_event_Pok%C3%A9mon_distributions_in_Generation_VIII#Pok.C3.A9mon_Scrap_2020_Pok.C3.A9mon,Genesect,,,Cherish Ball,60,,Download,Serious,ゲッチャレ,201120,17/12/2020,Video,,Classic,https://www.reddit.com/r/pokemontrades/comments/keqa6t/comment/gg417fj/?utm_source=share&utm_medium=web2x&context=3,Redeemed by avs6134 > me,,SWSH,,,,,Genesect | ゲッチャレ | 201120 | Redeemed by avs6134 > me,8,8,FALSE,FALSE,FALSE,TRUE,FALSE
640,JPN,Pokemon Scrap 2020,https://bulbapedia.bulbagarden.net/wiki/List_of_serial_code_event_Pok%C3%A9mon_distributions_in_Generation_VIII#Pok.C3.A9mon_Scrap_2020_Pok.C3.A9mon,Genesect,,,Cherish Ball,60,,Download,Adamant,ゲッチャレ,201120,19/12/2020,Video,,Classic,https://www.reddit.com/r/pokemontrades/comments/keqa6t/comment/gg3zb3f/?utm_source=share&utm_medium=web2x&context=3,Redeemed by eddiespaghetti1234 > me,,SWSH,,,,,Genesect | ゲッチャレ | 201120 | Redeemed by eddiespaghetti1234 > me,8,8,FALSE,FALSE,FALSE,TRUE,FALSE
640,JPN,Pokemon Scrap 2020,https://bulbapedia.bulbagarden.net/wiki/List_of_serial_code_event_Pok%C3%A9mon_distributions_in_Generation_VIII#Pok.C3.A9mon_Scrap_2020_Pok.C3.A9mon,Genesect,,,Cherish Ball,60,,Download,Hardy,ゲッチャレ,201120,23/12/2020,Video,,Classic,https://www.reddit.com/r/pokemontrades/comments/keqa6t/comment/gg3zb3f/?utm_source=share&utm_medium=web2x&context=3,Redeemed by eddiespaghetti1234 > me,,SWSH,,,,,Genesect | ゲッチャレ | 201120 | Redeemed by eddiespaghetti1234 > me,8,8,FALSE,FALSE,FALSE,TRUE,FALSE
640,JPN,Pokemon Scrap 2020,https://bulbapedia.bulbagarden.net/wiki/List_of_serial_code_event_Pok%C3%A9mon_distributions_in_Generation_VIII#Pok.C3.A9mon_Scrap_2020_Pok.C3.A9mon,Genesect,,,Cherish Ball,60,,Download,Timid,ゲッチャレ,201120,27/12/2020,Video,,Classic,https://www.reddit.com/r/pokemontrades/comments/keqa6t/comment/gg3zb3f/?utm_source=share&utm_medium=web2x&context=3,Redeemed by eddiespaghetti1234 > me,,SWSH,,,,,Genesect | ゲッチャレ | 201120 | Redeemed by eddiespaghetti1234 > me,8,8,FALSE,FALSE,FALSE,TRUE,FALSE
640,JPN,Pokemon Scrap 2020,https://bulbapedia.bulbagarden.net/wiki/List_of_serial_code_event_Pok%C3%A9mon_distributions_in_Generation_VIII#Pok.C3.A9mon_Scrap_2020_Pok.C3.A9mon,Genesect,,,Cherish Ball,60,,Download,Adamant,ゲッチャレ,201120,27/12/2020,Video,,Classic,https://www.reddit.com/r/pokemontrades/comments/keqa6t/comment/gg3zb3f/?utm_source=share&utm_medium=web2x&context=3,Redeemed by eddiespaghetti1234 > me,,SWSH,,,,,Genesect | ゲッチャレ | 201120 | Redeemed by eddiespaghetti1234 > me,8,8,FALSE,FALSE,FALSE,TRUE,FALSE
640,JPN,Pokemon Scrap 2020,https://bulbapedia.bulbagarden.net/wiki/List_of_serial_code_event_Pok%C3%A9mon_distributions_in_Generation_VIII#Pok.C3.A9mon_Scrap_2020_Pok.C3.A9mon,Genesect,,,Cherish Ball,60,,Download,Docile,ゲッチャレ,201120,27/12/2020,Video,,Classic,https://www.reddit.com/r/pokemontrades/comments/keqa6t/comment/gg3zb3f/?utm_source=share&utm_medium=web2x&context=3,Redeemed by eddiespaghetti1234 > me,,SWSH,,,,,Genesect | ゲッチャレ | 201120 | Redeemed by eddiespaghetti1234 > me,8,8,FALSE,FALSE,FALSE,TRUE,FALSE
721,JPN,Pokemon Scrap 2020,https://bulbapedia.bulbagarden.net/wiki/List_of_serial_code_event_Pok%C3%A9mon_distributions_in_Generation_VIII#Pok.C3.A9mon_Scrap_2020_Pok.C3.A9mon,Volcanion,,,Cherish Ball,60,,Water Absorb,Jolly,ゲッチャレ,201120,17/12/2020,Video,,Classic,https://www.reddit.com/r/pokemontrades/comments/keqa6t/comment/gg417fj/?utm_source=share&utm_medium=web2x&context=3,Redeemed by avs6134 > me,,SWSH,,,,,Genesect | ゲッチャレ | 201120 | Redeemed by avs6134 > me,8,8,FALSE,FALSE,FALSE,FALSE,TRUE
721,JPN,Pokemon Scrap 2020,https://bulbapedia.bulbagarden.net/wiki/List_of_serial_code_event_Pok%C3%A9mon_distributions_in_Generation_VIII#Pok.C3.A9mon_Scrap_2020_Pok.C3.A9mon,Volcanion,,,Cherish Ball,60,,Water Absorb,Brave,ゲッチャレ,201120,18/12/2020,Video,,Classic,https://www.reddit.com/r/pokemontrades/comments/keqa6t/comment/gg417fj/?utm_source=share&utm_medium=web2x&context=3,Redeemed by avs6134 > me,,SWSH,,,,,Genesect | ゲッチャレ | 201120 | Redeemed by avs6134 > me,8,8,FALSE,FALSE,FALSE,TRUE,FALSE
721,JPN,Pokemon Scrap 2020,https://bulbapedia.bulbagarden.net/wiki/List_of_serial_code_event_Pok%C3%A9mon_distributions_in_Generation_VIII#Pok.C3.A9mon_Scrap_2020_Pok.C3.A9mon,Volcanion,,,Cherish Ball,60,,Water Absorb,Docile,ゲッチャレ,201120,19/12/2020,Video,,Classic,https://www.reddit.com/r/pokemontrades/comments/keqa6t/comment/gg417fj/?utm_source=share&utm_medium=web2x&context=3,Redeemed by avs6134 > me,,SWSH,,,,,Genesect | ゲッチャレ | 201120 | Redeemed by avs6134 > me,8,8,FALSE,FALSE,FALSE,TRUE,FALSE
721,JPN,Pokemon Scrap 2020,https://bulbapedia.bulbagarden.net/wiki/List_of_serial_code_event_Pok%C3%A9mon_distributions_in_Generation_VIII#Pok.C3.A9mon_Scrap_2020_Pok.C3.A9mon,Volcanion,,,Cherish Ball,60,,Water Absorb,Gentle,ゲッチャレ,201120,19/12/2020,Video,,Classic,https://www.reddit.com/r/pokemontrades/comments/keqa6t/comment/gg417fj/?utm_source=share&utm_medium=web2x&context=3,Redeemed by avs6134 > me,,SWSH,,,,,Genesect | ゲッチャレ | 201120 | Redeemed by avs6134 > me,8,8,FALSE,FALSE,FALSE,TRUE,FALSE
721,JPN,Pokemon Scrap 2020,https://bulbapedia.bulbagarden.net/wiki/List_of_serial_code_event_Pok%C3%A9mon_distributions_in_Generation_VIII#Pok.C3.A9mon_Scrap_2020_Pok.C3.A9mon,Volcanion,,,Cherish Ball,60,,Water Absorb,Serious,ゲッチャレ,201120,19/12/2020,Video,,Classic,https://www.reddit.com/r/pokemontrades/comments/keqa6t/comment/gg3zb3f/?utm_source=share&utm_medium=web2x&context=3,Redeemed by eddiespaghetti1234 > me,,SWSH,,,,,Genesect | ゲッチャレ | 201120 | Redeemed by eddiespaghetti1234 > me,8,8,FALSE,FALSE,FALSE,TRUE,FALSE
721,JPN,Pokemon Scrap 2020,https://bulbapedia.bulbagarden.net/wiki/List_of_serial_code_event_Pok%C3%A9mon_distributions_in_Generation_VIII#Pok.C3.A9mon_Scrap_2020_Pok.C3.A9mon,Volcanion,,,Cherish Ball,60,,Water Absorb,Bold,ゲッチャレ,201120,23/12/2020,Video,,Classic,https://www.reddit.com/r/pokemontrades/comments/keqa6t/comment/gg3zb3f/?utm_source=share&utm_medium=web2x&context=3,Redeemed by eddiespaghetti1234 > me,,SWSH,,,,,Genesect | ゲッチャレ | 201120 | Redeemed by eddiespaghetti1234 > me,8,8,FALSE,FALSE,FALSE,TRUE,FALSE
721,JPN,Pokemon Scrap 2020,https://bulbapedia.bulbagarden.net/wiki/List_of_serial_code_event_Pok%C3%A9mon_distributions_in_Generation_VIII#Pok.C3.A9mon_Scrap_2020_Pok.C3.A9mon,Volcanion,,,Cherish Ball,60,,Water Absorb,Lax,ゲッチャレ,201120,27/12/2020,Video,,Classic,https://www.reddit.com/r/pokemontrades/comments/keqa6t/comment/gg3zb3f/?utm_source=share&utm_medium=web2x&context=3,Redeemed by eddiespaghetti1234 > me,,SWSH,,,,,Genesect | ゲッチャレ | 201120 | Redeemed by eddiespaghetti1234 > me,8,8,FALSE,FALSE,FALSE,TRUE,FALSE
721,JPN,Pokemon Scrap 2020,https://bulbapedia.bulbagarden.net/wiki/List_of_serial_code_event_Pok%C3%A9mon_distributions_in_Generation_VIII#Pok.C3.A9mon_Scrap_2020_Pok.C3.A9mon,Volcanion,,,Cherish Ball,60,,Water Absorb,Adamant,ゲッチャレ,201120,27/12/2020,Video,,Classic,https://www.reddit.com/r/pokemontrades/comments/keqa6t/comment/gg3zb3f/?utm_source=share&utm_medium=web2x&context=3,Redeemed by eddiespaghetti1234 > me,,SWSH,,,,,Genesect | ゲッチャレ | 201120 | Redeemed by eddiespaghetti1234 > me,8,8,FALSE,FALSE,FALSE,TRUE,FALSE
721,JPN,Pokemon Scrap 2020,https://bulbapedia.bulbagarden.net/wiki/List_of_serial_code_event_Pok%C3%A9mon_distributions_in_Generation_VIII#Pok.C3.A9mon_Scrap_2020_Pok.C3.A9mon,Volcanion,,,Cherish Ball,60,,Water Absorb,Rash,ゲッチャレ,201120,27/12/2020,Video,,Classic,https://www.reddit.com/r/pokemontrades/comments/keqa6t/comment/gg3zb3f/?utm_source=share&utm_medium=web2x&context=3,Redeemed by eddiespaghetti1234 > me,,SWSH,,,,,Genesect | ゲッチャレ | 201120 | Redeemed by eddiespaghetti1234 > me,8,8,FALSE,FALSE,FALSE,TRUE,FALSE
802,JPN,Pokemon Scrap 2020,https://bulbapedia.bulbagarden.net/wiki/List_of_serial_code_event_Pok%C3%A9mon_distributions_in_Generation_VIII#Pok.C3.A9mon_Scrap_2020_Pok.C3.A9mon,Marshadow,,,Cherish Ball,60,,Technician,Bold,ゲッチャレ,201120,17/12/2020,Video,,Classic,https://www.reddit.com/r/pokemontrades/comments/keqa6t/comment/gg417fj/?utm_source=share&utm_medium=web2x&context=3,Redeemed by avs6134 > me,,SWSH,,,,,Genesect | ゲッチャレ | 201120 | Redeemed by avs6134 > me,8,8,FALSE,FALSE,FALSE,FALSE,TRUE
802,JPN,Pokemon Scrap 2020,https://bulbapedia.bulbagarden.net/wiki/List_of_serial_code_event_Pok%C3%A9mon_distributions_in_Generation_VIII#Pok.C3.A9mon_Scrap_2020_Pok.C3.A9mon,Marshadow,,,Cherish Ball,60,,Technician,Hardy,ゲッチャレ,201120,18/12/2020,Video,,Classic,https://www.reddit.com/r/pokemontrades/comments/keqa6t/comment/gg417fj/?utm_source=share&utm_medium=web2x&context=3,Redeemed by avs6134 > me,,SWSH,,,,,Genesect | ゲッチャレ | 201120 | Redeemed by avs6134 > me,8,8,FALSE,FALSE,FALSE,TRUE,FALSE
802,JPN,Pokemon Scrap 2020,https://bulbapedia.bulbagarden.net/wiki/List_of_serial_code_event_Pok%C3%A9mon_distributions_in_Generation_VIII#Pok.C3.A9mon_Scrap_2020_Pok.C3.A9mon,Marshadow,,,Cherish Ball,60,,Technician,Sassy,ゲッチャレ,201120,19/12/2020,Video,,Classic,https://www.reddit.com/r/pokemontrades/comments/keqa6t/comment/gg417fj/?utm_source=share&utm_medium=web2x&context=3,Redeemed by eddiespaghetti1234 > me,,SWSH,,,,,Genesect | ゲッチャレ | 201120 | Redeemed by avs6134 > me,8,8,FALSE,FALSE,FALSE,TRUE,FALSE
802,JPN,Pokemon Scrap 2020,https://bulbapedia.bulbagarden.net/wiki/List_of_serial_code_event_Pok%C3%A9mon_distributions_in_Generation_VIII#Pok.C3.A9mon_Scrap_2020_Pok.C3.A9mon,Marshadow,,,Cherish Ball,60,,Technician,Naughty,ゲッチャレ,201120,19/12/2020,Video,,Classic,https://www.reddit.com/r/pokemontrades/comments/keqa6t/comment/gg417fj/?utm_source=share&utm_medium=web2x&context=3,Redeemed by eddiespaghetti1234 > me,,SWSH,,,,,Genesect | ゲッチャレ | 201120 | Redeemed by avs6134 > me,8,8,FALSE,FALSE,FALSE,TRUE,FALSE
802,JPN,Pokemon Scrap 2020,https://bulbapedia.bulbagarden.net/wiki/List_of_serial_code_event_Pok%C3%A9mon_distributions_in_Generation_VIII#Pok.C3.A9mon_Scrap_2020_Pok.C3.A9mon,Marshadow,,,Cherish Ball,60,,Download,Brave,ゲッチャレ,201120,19/12/2020,Video,,Classic,https://www.reddit.com/r/pokemontrades/comments/keqa6t/comment/gg3zb3f/?utm_source=share&utm_medium=web2x&context=3,Redeemed by eddiespaghetti1234 > me,,SWSH,,,,,Genesect | ゲッチャレ | 201120 | Redeemed by eddiespaghetti1234 > me,8,8,FALSE,FALSE,FALSE,TRUE,FALSE
802,JPN,Pokemon Scrap 2020,https://bulbapedia.bulbagarden.net/wiki/List_of_serial_code_event_Pok%C3%A9mon_distributions_in_Generation_VIII#Pok.C3.A9mon_Scrap_2020_Pok.C3.A9mon,Marshadow,,,Cherish Ball,60,,Download,Mild,ゲッチャレ,201120,23/12/2020,Video,,Classic,https://www.reddit.com/r/pokemontrades/comments/keqa6t/comment/gg3zb3f/?utm_source=share&utm_medium=web2x&context=3,Redeemed by eddiespaghetti1234 > me,,SWSH,,,,,Genesect | ゲッチャレ | 201120 | Redeemed by eddiespaghetti1234 > me,8,8,FALSE,FALSE,FALSE,TRUE,FALSE
802,JPN,Pokemon Scrap 2020,https://bulbapedia.bulbagarden.net/wiki/List_of_serial_code_event_Pok%C3%A9mon_distributions_in_Generation_VIII#Pok.C3.A9mon_Scrap_2020_Pok.C3.A9mon,Marshadow,,,Cherish Ball,60,,Download,Relaxed,ゲッチャレ,201120,27/12/2020,Video,,Classic,https://www.reddit.com/r/pokemontrades/comments/keqa6t/comment/gg3zb3f/?utm_source=share&utm_medium=web2x&context=3,Redeemed by eddiespaghetti1234 > me,,SWSH,,,,,Genesect | ゲッチャレ | 201120 | Redeemed by eddiespaghetti1234 > me,8,8,FALSE,FALSE,FALSE,TRUE,FALSE
802,JPN,Pokemon Scrap 2020,https://bulbapedia.bulbagarden.net/wiki/List_of_serial_code_event_Pok%C3%A9mon_distributions_in_Generation_VIII#Pok.C3.A9mon_Scrap_2020_Pok.C3.A9mon,Marshadow,,,Cherish Ball,60,,Download,Bashful,ゲッチャレ,201120,27/12/2020,Video,,Classic,https://www.reddit.com/r/pokemontrades/comments/keqa6t/comment/gg3zb3f/?utm_source=share&utm_medium=web2x&context=3,Redeemed by eddiespaghetti1234 > me,,SWSH,,,,,Genesect | ゲッチャレ | 201120 | Redeemed by eddiespaghetti1234 > me,8,8,FALSE,FALSE,FALSE,TRUE,FALSE
802,JPN,Pokemon Scrap 2020,https://bulbapedia.bulbagarden.net/wiki/List_of_serial_code_event_Pok%C3%A9mon_distributions_in_Generation_VIII#Pok.C3.A9mon_Scrap_2020_Pok.C3.A9mon,Marshadow,,,Cherish Ball,60,,Download,Bold,ゲッチャレ,201120,27/12/2020,Video,,Classic,https://www.reddit.com/r/pokemontrades/comments/keqa6t/comment/gg3zb3f/?utm_source=share&utm_medium=web2x&context=3,Redeemed by eddiespaghetti1234 > me,,SWSH,,,,,Genesect | ゲッチャレ | 201120 | Redeemed by eddiespaghetti1234 > me,8,8,FALSE,FALSE,FALSE,TRUE,FALSE
52,ENG,Gigantamax Meowth,,Meowth,,,Cherish Ball,5,♂,Pickup,Timid,Sam,773162,,WC,,Classic,,Self redeemed,,SW,,,,,Meowth | Sam | 773162 | Self redeemed,8,8,FALSE,FALSE,FALSE,FALSE,FALSE
52,ENG,Gigantamax Meowth,,Meowth,,,Cherish Ball,5,♂,Pickup,Careful,Amias,84090,,WC,,Classic,,Self redeemed,,SW,,,,,Meowth | Amias | 084090 | Self redeemed,8,8,FALSE,FALSE,FALSE,FALSE,FALSE
809,ENG,Pokémon GO Melmetal,,Melmetal,,,Cherish Ball,100,,Iron Fist,Brave,HOME,808809,Various,Video,,Classic,,Self redeemed,,HOME,,,,,Melmetal | HOME | 808809 | Self redeemed,8,8,FALSE,FALSE,FALSE,FALSE,FALSE
25,ENG,Pikachu In A Cap (Partner Cap),,Pikachu,,,Poké Ball,25,♂,Static,Hardy,Ash,201023,4/12/2020,Video,,Classic,,Self redeemed,,SW,,,,,Pikachu | Ash | 201023 | Self redeemed,8,8,FALSE,FALSE,FALSE,FALSE,TRUE
25,ENG,Pikachu In A Cap (Original Cap),,Pikachu,,,Poké Ball,25,♂,Static,Hardy,Ash,201023,4/12/2020,Video,,Classic,,Self redeemed,,SW,,,,,Pikachu | Ash | 201023 | Self redeemed,8,8,FALSE,FALSE,FALSE,FALSE,TRUE
25,ENG,Pikachu In A Cap (Hoenn Cap),,Pikachu,,,Poké Ball,25,♂,Static,Hardy,Ash,201023,4/12/2020,Video,,Classic,,Self redeemed,,SW,,,,,Pikachu | Ash | 201023 | Self redeemed,8,8,FALSE,FALSE,FALSE,FALSE,TRUE
25,ENG,Pikachu In A Cap (Sinnoh Cap),,Pikachu,,,Poké Ball,25,♂,Static,Hardy,Ash,201023,4/12/2020,Video,,Classic,,Self redeemed,,SW,,,,,Pikachu | Ash | 201023 | Self redeemed,8,8,FALSE,FALSE,FALSE,FALSE,TRUE
25,ENG,Pikachu In A Cap (Unova Cap),,Pikachu,,,Poké Ball,25,♂,Static,Hardy,Ash,201023,4/12/2020,Video,,Classic,,Self redeemed,,SW,,,,,Pikachu | Ash | 201023 | Self redeemed,8,8,FALSE,FALSE,FALSE,FALSE,TRUE
25,ENG,Pikachu In A Cap (Kalos Cap),,Pikachu,,,Poké Ball,25,♂,Static,Hardy,Ash,201023,4/12/2020,Video,,Classic,,Self redeemed,,SW,,,,,Pikachu | Ash | 201023 | Self redeemed,8,8,FALSE,FALSE,FALSE,FALSE,TRUE
25,ENG,Pikachu In A Cap (Alola Cap),,Pikachu,,,Poké Ball,25,♂,Static,Hardy,Ash,201023,4/12/2020,Video,,Classic,,Self redeemed,,SW,,,,,Pikachu | Ash | 201023 | Self redeemed,8,8,FALSE,FALSE,FALSE,FALSE,TRUE
25,ENG,Pikachu In A Cap (World Cap),,Pikachu,,,Poké Ball,25,♂,Static,Hardy,Ash,201023,4/12/2020,Video,,Classic,,Self redeemed,,SW,,,,,Pikachu | Ash | 201023 | Self redeemed,8,8,FALSE,FALSE,FALSE,FALSE,TRUE
25,ENG,KIBO Pikachu,,Pikachu,,,Poké Ball,21,♂,Static,Brave,KIBO,210101,1/1/2021,Video,,Special,,Self redeemed,,SW,,,,,Pikachu | KIBO | 210101 | Self redeemed,8,8,FALSE,FALSE,FALSE,FALSE,FALSE
251,ENG,Jungle Celebi,,Celebi,,★,Cherish Ball,60,,Natural Cure,Quirky,Jungle,200807,31/3/2021,Video,,Wishing,,Self redeemed,,SW,,,,,Celebi | Jungle | 200807 | Self redeemed,8,8,FALSE,FALSE,FALSE,FALSE,TRUE
893,ENG,Jungle Zarude,,Zarude,,,Cherish Ball,60,,Leaf Guard,Sassy,Jungle,200807,31/3/2021,Video,,Wishing,,Self redeemed,,SW,,,,,Zarude | Jungle | 200807 | Self redeemed,8,8,FALSE,FALSE,FALSE,FALSE,TRUE
894,ENG,Jungle Zarude,,Zarude-Dada,,,Cherish Ball,70,,Leaf Guard,Adamant,Jungle,201225,14/1/2021,Video,,Wishing,,Self redeemed,,SW,,,,,Zarude (Dada) | Jungle | 201225 | Self redeemed,8,8,FALSE,FALSE,FALSE,FALSE,FALSE
849,ENG,Rock Star Shiny Toxtricity,,Toxtricity,,★,Cherish Ball,70,,Punk Rock,Rash,Rock Star,210219,14/1/2021,Video,,Classic,,Self redeemed,,SW,,,,,Toxtricity (Amped) | Rock Star | 210219 | Self redeemed,8,8,FALSE,FALSE,FALSE,FALSE,FALSE
6,ITA,Leonardo Bonanomi's Gigantamax Charizard,,Charizard,,,Cherish Ball,100,,Solar Power,Timid,Leonardo,211031,,Video,,battle-champion,,Self redeemed,,SW,,,,,Charizard | Leonardo | 211031 | Self redeemed,8,8,FALSE,FALSE,FALSE,FALSE,FALSE
58,ENG,Teresa Roca's Hisuian Growlithe,,Growlithe-Hisui,,,Poké Ball-Hisui,26,,Justified,,Teresa Roca,270222,,Video,,Classic,,Self redeemed,,PLA,,,,,Growlithe (Hisui) | Teresa Roca | 270222 | Self redeemed,8,8,FALSE,FALSE,FALSE,FALSE,FALSE
35,ENG,Jirawiwat Thitasiri's Clefairy,,Clefairy,,,Cherish Ball,50,,Friend Guard,Bold,Jirawiwat,220618,19/6/2022,Video,,battle-champion,,Self redeemed,,SW,,,,,Clefairy | Jirawiwat | 220618 | Self redeemed,8,8,FALSE,FALSE,FALSE,FALSE,FALSE
494,ENG,Victory Victini,,Victini,,,Cherish Ball,50,,Victory Star,Brave,Victory,220818,19/8/2022,Video,,Souvenir,,Self redeemed,,SW,,,,,Victini | Victory | 220818 | Self redeemed,8,8,FALSE,FALSE,FALSE,FALSE,FALSE
423,JPN,PJCS 2019 Gastrodon,,East Gastrodon,gastrodon-east,,Cherish Ball,50,♀,Storm Drain,Quiet,カ・エール,200822,22/8/2022,A-button,,battle-champion,,Icefangs > Me,,SW,,,,,Gastrodon (East) | カ・エール | 200822 | Icefangs > Me,8,8,FALSE,FALSE,FALSE,FALSE,FALSE
302,JPN,Kohei Fujida's Sableye,,Sableye,,,Cherish Ball,50,,Careful,Bold,コウ,220611,11/6/2022,Video,,battle-champion,,Self redeemed,,SW,,,,,Sableye | コウ | 220611 | Self redeemed,8,8,FALSE,FALSE,FALSE,FALSE,FALSE
649,JPN,Pokemon Scrap 2020,,Genesect,,,Cherish Ball,60,,Download,Various,ゲッチャレ,201120,Various,Video,,Classic,,Self redeemed,,SW,,,,,Genesect | ゲッチャレ | 201120 | Self redeemed,8,8,FALSE,FALSE,FALSE,TRUE,TRUE
721,JPN,Pokemon Scrap 2020,,Volcanion,,,Cherish Ball,60,,Water Absorb,Various,ゲッチャレ,201120,Various,Video,,Classic,,Self redeemed,,SW,,,,,Volcanion | ゲッチャレ | 201120 | Self redeemed,8,8,FALSE,FALSE,FALSE,TRUE,TRUE
802,JPN,Pokemon Scrap 2020,,Marshadow,,,Cherish Ball,60,,Technician,Various,ゲッチャレ,201120,Various,Video,,Classic,,Self redeemed,,SW,,,,,Marshadow | ゲッチャレ | 201120 | Self redeemed,8,8,FALSE,FALSE,FALSE,TRUE,TRUE
113,JPN,Mister Donut's Chansey,,Chansey,,,Cherish Ball,7,♀,Serene Grace,Bashful,ミスド,201204,5/12/2020,Video,,Classic,,Self redeemed,,SW,,,,,Chansey | ミスド | 201204 | Self redeemed,8,8,FALSE,FALSE,FALSE,FALSE,FALSE
591,KOR,WCS2019 Jongyun Baik's Shiny Amoonguss,,Amoonguss,,★,Cherish Ball,50,♀,Regenerator,Sassy,백종윤,200809,9/8/2020,A-button,,Event,,u/Icefangs > me,,SWSH,,,,,Amoonguss | 백종윤 | 200809 | u/Icefangs > me,8,8,FALSE,FALSE,FALSE,FALSE,FALSE
6,KOR,Ash's Charizard,,Charizard,,,Poké Ball,50,♂,Blaze,Adamant,지우,200930,30/11/2020,Video,,Wishing,,Self redeemed,,SW,,,,,Charizard | 지우 | 200930 | Self redeemed,8,8,FALSE,FALSE,FALSE,FALSE,FALSE
150,KOR,Korean Professor's Mewtwo,,Mewtwo,,,Cherish Ball,70,,Pressure,Quiet,박사,200930,30/11/2020,Video,,Event,,Self redeemed,,LGP,,,,,Mewtwo | 박사 | 200930 | Self redeemed,8,8,FALSE,FALSE,FALSE,FALSE,FALSE
486,KOR,Pokémon Giratina & The Sky Warrior Distribution,,Regigigas,,,Poké Ball-Hisui,100,,Slow Start,Timid,전이마을,220601,27/7/2022,Video,,Wishing,,Self redeemed,,PLA,,,,,Regigigas | 전이마을 | 220601 | Self redeemed,8,8,FALSE,FALSE,FALSE,FALSE,FALSE
486,KOR,Pokémon Giratina & The Sky Warrior Distribution,,Regigigas,,,Poké Ball-Hisui,100,,Slow Start,Quiet,전이마을,220601,31/7/2022,Video,,Wishing,,Self redeemed,,PLA,,,,,Regigigas | 전이마을 | 220601 | Self redeemed,8,8,FALSE,FALSE,FALSE,FALSE,FALSE
486,KOR,Pokémon Giratina & The Sky Warrior Distribution,,Regigigas,,,Cherish Ball,100,,Slow Start,Bashful,전이마을,220601,27/7/2022,Video,,Wishing,,Self redeemed,,BDSP,,,,,Regigigas | 전이마을 | 220601 | Self redeemed,8,8,FALSE,FALSE,FALSE,FALSE,FALSE
486,KOR,Pokémon Giratina & The Sky Warrior Distribution,,Regigigas,,,Cherish Ball,100,,Slow Start,Quiet,전이마을,220601,31/7/2022,Video,,Wishing,,Self redeemed,,BDSP,,,,,Regigigas | 전이마을 | 220601 | Self redeemed,8,8,FALSE,FALSE,FALSE,FALSE,FALSE
393,KOR,Dawn's Piplup Pokémon Store Distribution,,Piplup,,,Poké Ball-Hisui,50,♂,Torrent,Hardy,빛나,220601,27/7/2022,Video,,Wishing,,Self redeemed,,PLA,,,,,Piplup | 빛나 | 220601 | Self redeemed,8,8,FALSE,FALSE,FALSE,FALSE,FALSE
393,KOR,Dawn's Piplup Pokémon Store Distribution,,Piplup,,,Cherish Ball,50,♂,Torrent,Hardy,빛나,,31/7/2022,Video,,Wishing,,Self redeemed,,BDSP,,,,,Piplup | 빛나 |  | Self redeemed,8,8,FALSE,FALSE,FALSE,FALSE,FALSE
792,ENG,Eclipse Shiny Pokémon,,Lunala,,★,Cherish Ball,60,,Shadow Shield,Modest,Eclipse,100419,,A-button,,Classic,,Bey > jannlipot > me,,Home,,,,,Lunala | Eclipse | 100419 | Bey > jannlipot > me,8,7,FALSE,FALSE,FALSE,FALSE,TRUE
791,ENG,Eclipse Shiny Pokémon,,Solgaleo,,★,Cherish Ball,60,,Full Metal Body,Adamant,Eclipse,100419,,A-button,,Classic,,Bey > jannlipot > me,,Home,,,,,Solgaleo | Eclipse | 100419 | Bey > jannlipot > me,8,7,FALSE,FALSE,FALSE,FALSE,TRUE
791,ENG,Eclipse Shiny Pokémon,,Solgaleo,,★,Cherish Ball,60,,Full Metal Body,Jolly,Eclipse,100419,,A-button,,Classic,,DrStroye > me,,SWSH,,,,,Solgaleo | Eclipse | 100419 | DrStroye > me,8,7,FALSE,FALSE,FALSE,FALSE,FALSE
6,FRE,Bullseye Charizard,,Charizard,,,Cherish Ball,50,,Blaze,Jolly,Bullseye,100117,,A-button,,Classic,,ZiR1402 > Greenevers > me,,SWSH,,,,,Charizard | Bullseye | 100117 | ZiR1402 > Greenevers > me,8,7,FALSE,FALSE,FALSE,FALSE,FALSE
721,ENG,Helen Volcanion,,Volcanion,,,Cherish Ball,70,,Water Absorb,Naive,Helen,10016,,WC,,Classic,,chenj25 > Greenevers > me,,SWSH,,,,,Volcanion | Helen | 10016 | chenj25 > Greenevers > me,8,7,FALSE,FALSE,FALSE,FALSE,FALSE
658,ENG,Ash's Greninja,,Greninja,,,Cherish Ball,36,♂,Battle Bond,Serious,Ash,131017,,WC + SS,,Classic,,Self redeemed,,Sun,,,,,Greninja | Ash | 131017 | Self redeemed,7,7,FALSE,FALSE,FALSE,FALSE,FALSE
745,FRE,Rocky Lycanroc,,Lycanroc-Midnight,,,Cherish Ball,50,,No Guard,Jolly,Rocky,51517,,Redemption pictures,,Classic,https://www.google.com/url?q=https://www.reddit.com/r/pokemontrades/comments/keumjd/lf_codes_pokemons_not_items_ft_6th_and_7th_gen/gg4nilw?utm_source%3Dshare%26utm_medium%3Dweb2x%26context%3D3&sa=D&source=editors&ust=1664279431215007&usg=AOvVaw3FBWukGNtERqQbhSTSp6QR,ZiR1402 > me,,Sun,,,,,Lycanroc (Midnight) | Rocky | 051517 | u/ZiR1402 > me,7,7,FALSE,FALSE,FALSE,FALSE,FALSE
802,ENG,Mt. Tensei Marshadow,,Marshadow,,,Cherish Ball,50,,Technician,Naive,Mt.Tensei,100917,,Redemption pictures,,Classic,https://www.reddit.com/r/pokemontrades/comments/keqa6t/comment/gg3zb3f/?utm_source=share&utm_medium=web2x&context=3,pr0th1 > me,,Sun,,,,,Marshadow | Mt.Tensei | 100917 | /u/ pr0th1 > me,7,7,FALSE,FALSE,FALSE,FALSE,FALSE
483,ENG,Legendary Pokémon Celebration,,Dialga,,,Cherish Ball,100,,Pressure,Modest,2018 Legends,20218,,Farming Proof,,Classic,,Korayven > Me,Obtained on r/pokemonexchange,Sun,,,,,Dialga | 2018 Legends | 020218 | Korayven > Me,7,7,FALSE,FALSE,FALSE,FALSE,FALSE
484,ENG,Legendary Pokémon Celebration,,Palkia,,,Cherish Ball,100,,Pressure,Timid,2018 Legends,20218,,Farming Proof,,Classic,,Korayven > Me,Obtained on r/pokemonexchange,Sun,,,,,Palkia | 2018 Legends | 020218 | Korayven > Me,7,7,FALSE,FALSE,FALSE,FALSE,FALSE
382,ENG,Legendary Pokémon Celebration,,Kyogre,,,Cherish Ball,60,,Drizzle,Modest,2018 Legends,80318,,Redemption Pictures,,Classic,,u/ZiR1402 > me,,Sun,,,,,Kyogre | 2018 Legends | 080318 | u/ZiR1402 > me,7,7,FALSE,FALSE,FALSE,FALSE,FALSE
382,ENG,Legendary Pokémon Celebration,,Kyogre,,,Cherish Ball,100,,Drizzle,Modest,2018 Legends,80318,,Farming Proof,,Classic,,Korayven > Me,Obtained on r/pokemonexchange,Sun,,,,,Kyogre | 2018 Legends | 080318 | Korayven > Me,7,7,FALSE,FALSE,FALSE,FALSE,FALSE
383,ENG,Legendary Pokémon Celebration,,Groudon,,,Cherish Ball,100,,,,2018 Legends,80318,,Farming Proof,,Classic,,Korayven > Me,Obtained on r/pokemonexchange,Sun,,,,,Groudon | 2018 Legends | 080318 | Korayven > Me,7,7,FALSE,FALSE,FALSE,FALSE,FALSE
643,ENG,Legendary Pokémon Celebration,,Reshiram,,,Cherish Ball,100,,Turboblaze,,2018 Legends,100518,,Farming Proof,,Classic,,Korayven > Me,Obtained on r/pokemonexchange,Sun,,,,,Reshiram | 2018 Legends | 100518 | Korayven > Me,7,7,FALSE,FALSE,FALSE,FALSE,FALSE
644,ENG,Legendary Pokémon Celebration,,Zekrom,,,Cherish Ball,100,,Teravolt,,2018 Legends,100518,,Farming Proof,,Classic,,Korayven > Me,Obtained on r/pokemonexchange,Sun,,,,,Zekrom | 2018 Legends | 100518 | Korayven > Me,7,7,FALSE,FALSE,FALSE,FALSE,FALSE
716,ENG,Legendary Pokémon Celebration,,Xerneas,,,Cherish Ball,100,,Fairy Aura,,2018 Legends,50418,,Farming Proof,,Classic,,Korayven > Me,Obtained on r/pokemonexchange,Sun,,,,,Xerneas | 2018 Legends | 050418 | Korayven > Me,7,7,FALSE,FALSE,FALSE,FALSE,FALSE
717,ENG,Legendary Pokémon Celebration,,Yveltal,,,Cherish Ball,100,,Dark Aura,,2018 Legends,50418,,Farming Proof,,Classic,,Korayven > Me,Obtained on r/pokemonexchange,Sun,,,,,Yveltal | 2018 Legends | 050418 | Korayven > Me,7,7,FALSE,FALSE,FALSE,FALSE,FALSE
641,ENG,Legendary Pokémon Celebration,,Tornadus,,,Cherish Ball,60,,Prankster,Timid,2018 Legends,70618,,Redemption Pictures,,Classic,,ZiR1402 > me,,Sun,,,,,Tornadus | 2018 Legends | 070618 | ZiR1402 > me,7,7,FALSE,FALSE,FALSE,FALSE,FALSE
642,ENG,Legendary Pokémon Celebration,,Thundurus,,,Cherish Ball,60,,Prankster,Timid,2018 Legends,70618,,Redemption Pictures,,Classic,,ZiR1402 > me,,Sun,,,,,Thundurus | 2018 Legends | 070618 | ZiR1402 > me,7,7,FALSE,FALSE,FALSE,FALSE,FALSE
807,CHT,Zeraora PAL,,Zeraora,,,Cherish Ball,50,,Volt Absorb,Jolly,Fula City,100118,30/11/2018,A-button,,Wishing,https://www.reddit.com/r/Pokemonexchange/comments/xrrcgi/comment/iql87oo/?utm_source=share&utm_medium=web2x&context=3,Icefangs > me > Roshe,,SWSH,,,,,Zeraora | Fula City | 100118 | Icefangs > me,8,7,FALSE,TRUE,FALSE,FALSE,FALSE
718,ENG,Legendary Pokémon Celebration,,Zygarde,,★,Cherish Ball,60,,Aura Break,Impish,2018 Legends,60218,,WC,,Classic,,rarycaris > Bignut666 > me,,SWSH,,,,,Zygarde | 2018 Legends | 060218 | rarycaris > Bignut666 > me,8,7,FALSE,FALSE,FALSE,FALSE,FALSE
718,ENG,Legendary Pokémon Celebration,,Zygarde,,★,Cherish Ball,60,,Aura Break,Impish,2018 Legends,60218,,Redemption Pictures,,Classic,,Basler04 > Lonachu > me,,Sun,,,,,Zygarde | 2018 Legends | 060218 | Basler04 > Lonachu > me,7,7,FALSE,FALSE,FALSE,FALSE,FALSE
718,ENG,Legendary Pokémon Celebration,,Zygarde,,★,Cherish Ball,60,,Aura Break,Jolly,2018 Legends,60218,,Redemption Pictures,,Classic,,Basler04 > Lonachu > me,,Sun,,,,,Zygarde | 2018 Legends | 060218 | Basler04 > Lonachu > me,7,7,FALSE,FALSE,FALSE,FALSE,FALSE
719,ENG,October 2014 Diancie,,Diancie,,,Cherish Ball,50,,Clear Body,Naive,Oct-14,10274,21/11/2014,SS,,Wishing,https://www.reddit.com/r/pokemontrades/comments/2ok76j/comment/cmnvmme/;https://www.reddit.com/r/Pokemonexchange/comments/stmeag/comment/ipac6iz/?utm_source=share&utm_medium=web2x&context=3,MGV2013 > Alkar188 > Me,Obtained on pokemonexchange,aS,,,,Off site Questions asked,Diancie | OCT2014 | 10274 | MGV2013 > Alkar188 > Me,6,6,FALSE,FALSE,FALSE,FALSE,FALSE
497,ENG,Hidden Ability Present Pokémon,,Serperior,,,Cherish Ball,51,,Contrary,Quirky,Present,1225,25/1/2015,WC + SS,,Classic,,Self redeemed,Touched by 1 level,aS,,,,,Serperior | Present | 01225 | Self redeemed,6,6,FALSE,FALSE,FALSE,FALSE,TRUE
500,ENG,Hidden Ability Present Pokémon,,Emboar,,,Cherish Ball,50,,Reckless,Sassy,Present,1295,2/2/2015,WC + SS,,Classic,,Self redeemed,,aS,,,,,Emboar | Present | 01295 | Self redeemed,6,6,FALSE,FALSE,FALSE,FALSE,TRUE
503,ENG,Hidden Ability Present Pokémon,,Samurott,,,Cherish Ball,50,,Shell Armor,Serious,Present,2105,11/6/2015,WC + SS,,Classic,,Self redeemed,,aS,,,,,Samurott | Present | 02105 | Self redeemed,6,6,FALSE,FALSE,FALSE,FALSE,TRUE
492,ENG,20th Anniversary Mythicals,,Shaymin,,,Cherish Ball,100,,Natural Cure,Hardy,GF,7016,22/7/2016,Video + Custom redemption proof,,Classic,,Keroblade > Me,Save Managed. From r/pokemonexchange. Unreceived and claimed for me,aS,,,,Off Site Questions,Shaymin | GF | 07016 |  Keroblade > Me,6,6,FALSE,FALSE,FALSE,FALSE,FALSE
490,ENG,20th Anniversary Mythicals,,Manaphy,,,Cherish Ball,100,,Hydration,Naive,GF,7016,24/6/2016,Video + Custom redemption proof,,Classic,,Keroblade > Me,Save Managed. From r/pokemonexchange. Unreceived and claimed for me,aS,,,,Off Site Questions,Manaphy | GF | 07016 |  Keroblade > Me,6,6,FALSE,FALSE,FALSE,FALSE,FALSE
52,GER,Happy Meal Meowth,,Meowth,,,Cherish Ball,5,,Pickup,Adamant,Happy,8196,10/8/2016,Redemption Pictures,,Classic,,u/ZiR1402 > me,,aS,,,,,Meowth | Happy | 08196 | u/ZiR1402 > me,6,6,FALSE,FALSE,FALSE,FALSE,FALSE
94,ENG,October 2014 Gengar NA,,Gengar,,★,Dusk Ball,25,,Levitate,Naughty,Oct-14,10134,14/10/2014,SS,,Classic,https://www.reddit.com/r/pokemontrades/comments/2mlp46/comment/cm5g0h2/;https://www.reddit.com/r/Pokemonexchange/comments/stmeag/comment/ipac6iz/?utm_source=share&utm_medium=web2x&context=3,Sittingbuljr ( account deleted ) > Alkar188 > me,Obtained on pokemonexchange,AS,,,,Off site Questions asked,Gengar | OCT2014 | 10134 | Sittingbuljr ( account deleted ) > Alkar188 > me,6,6,FALSE,FALSE,FALSE,FALSE,FALSE
94,ENG,October 2014 Gengar PAL,,Gengar,,★,Dusk Ball,25,,Levitate,Timid,Oct-14,10134,7/11/2014,WC + SS,,Classic,,Alkar188 > me,Obtained on pokemonexchange,AS,,,,Off site Questions asked,Gengar | OCT2014 | 10134 | Alkar188 > me,6,6,FALSE,FALSE,FALSE,FALSE,FALSE
571,ITA,Sly Zoroark,,Zoroark,,,Ultra Ball,50,,Illusion,Hasty,Sly,11045,6/11/2015,Redemption Pictures,,Classic,,u/ZiR1402 > me,,aS,,,,,Zoroark | Sly | 11045 | u/ZiR1402 > me,6,6,FALSE,FALSE,FALSE,FALSE,FALSE
653,ENG,Serena's Fennekin,,Fennekin,,,Cherish Ball,15,,Blaze,Hardy,セレナ,2265,18/3/2015,WC + SS,,Classic,,Keroblade > me,Obtained on pokemonexchange,aS,,,,Off Site Questions,Fennekin | セレナ | 02265 | Keroblade > me,6,6,FALSE,FALSE,FALSE,FALSE,FALSE
384,JPN,NHK Shiny Rayquaza Distribution,,Rayquaza,,★,Cherish Ball,70,,Air Lock,Jolly,Nintendo HK,9115,,Pictures of redemption,,Event,,u/blackaurora > me,,SWSH,,,,,Rayquaza | Nintendo HK | 09115 | u/blackaurora > me,6,8,FALSE,FALSE,FALSE,FALSE,FALSE
133,KOR,2016 Scrap Campaign,,Eevee,,★,Cherish Ball,15,,Anticipation,Adamant,Ｐスクラップ,3016,20/4/2016,Redemption,,Classic,,Mystica_ > me,Obtained on pokemonexchange,AS,,,,Off Site Question,Eevee | Ｐスクラップ | 03016 | Mystica_ > me,6,6,FALSE,FALSE,FALSE,FALSE,FALSE
645,JPN,Hyadain's Landorus,,Landorus,,,Cherish Ball,50,,Sand Force,Adamant,ヒャダイン,14818,19/6/2016,Redemption,,Classic,,ninjaspidermonkey > trollolly > CaelumKrieger > trollolly > mooneeeee > me,,SWSH,,,,,Landorus | ヒャダイン | 14818 | ninjaspidermonkey > trollolly > CaelumKrieger > trollolly > mooneeeee > me,6,8,FALSE,FALSE,FALSE,FALSE,FALSE
143,ENG,Pokémon Sun & Moon - Early Adopter Gift,,Snorlax,,,Cherish Ball,28,,Thick Fat,Hasty,Annie,351908,,WC,,,,Self redeemed,,Sun,,,,,Snorlax | Annie | 351908 | Self redeemed,7,7,TRUE,FALSE,FALSE,FALSE,FALSE
787,ENG,Pokémon Sun & Moon - Early Adopter Gift,,TapuBulu,,★,Cherish Ball,60,,Grassy Surge,Careful,Ula Ula,190222,13/3/2019,A-button,,Classic,,Xamarqand > me,,Sun,,,,,Tapu Bulu | Ula Ula | 190222 | Xamarqand > me,7,7,TRUE,FALSE,FALSE,FALSE,FALSE
485,ENG,NA 2018 Legends Celebration,,Heatran,,,Cherish Ball,60,,Flash Fire,Modest,2018 Legends,30118,21/3/2018,Redemption,,Classic,,Lightning00 > ValarEnki > Lightning00 > Me,,Sun,,Off Site Question,,,Heatran | 2018 Legends | 030118 | Lightning00 > ValarEnki > Lightning00 > Me,7,7,TRUE,FALSE,FALSE,FALSE,FALSE
485,ENG,NA 2018 Legends Celebration,,Heatran,,,Cherish Ball,100,,Flash Fire,Timid,2018 Legends,30118,20/3/2018,Redemption,,Classic,,Lightning00 > ValarEnki > Lightning00 > Me,,Sun,,Off Site Question,,,Heatran | 2018 Legends | 030118 | Lightning00 > ValarEnki > Lightning00 > Me,7,7,TRUE,FALSE,FALSE,FALSE,FALSE
486,ENG,NA 2018 Legends Celebration,,Regigigas,,,Cherish Ball,60,,Slow Start,Adamant,2018 Legends,30118,21/3/2018,Redemption,,Classic,,Lightning00 > ValarEnki > Lightning00 > Me,,Sun,,Off Site Question,,,Regigigas | 2018 Legends | 030118 | Lightning00 > ValarEnki > Lightning00 > Me,7,7,TRUE,FALSE,FALSE,FALSE,FALSE
486,ENG,NA 2018 Legends Celebration,,Regigigas,,,Cherish Ball,100,,Slow Start,Adamant,2018 Legends,30118,20/3/2018,Redemption,,Classic,,Lightning00 > ValarEnki > Lightning00 > Me,,Sun,,Off Site Question,,,Regigigas | 2018 Legends | 030118 | Lightning00 > ValarEnki > Lightning00 > Me,7,7,TRUE,FALSE,FALSE,FALSE,FALSE
250,JPN,Mount Tensei Ho-Oh,,Ho-Oh,,,Cherish Ball,100,,Sacred Ash,Jolly,テンセイざん,170715,28/8/2017,WC + SS + UN,,Classic,,@puripuripokemon > me,Obtained on twitter,Sun,,Off Site Question,,,Ho-Oh | テンセイざん | 170715 | @puripuripokemon > me,7,7,TRUE,FALSE,FALSE,FALSE,FALSE
151,JPN,Pocket Monsters the Movie Pokémon,,Mew,,,Cherish Ball,50,,Synchronize,Modest,２０ＴＨ,980718,16/9/2017,WC + SS + UN,,Classic,,@puripuripokemon > me,Obtained on twitter,Sun,,Off Site Question,,,Mew | ２０ＴＨ  | 980718 | @puripuripokemon > me,7,7,TRUE,FALSE,FALSE,FALSE,FALSE
700,JPN,Pokémon Center Eeveelutions,,Sylveon,,,Cherish Ball,50,♀,Run Away,Calm,ポケセン,170513,2/6/2017,A-button,,Classic,,@puripuripokemon > me,Obtained on twitter,Sun,,Off Site Question,,,Sylveon | ポケセン | 170513 | @puripuripokemon > me,7,7,TRUE,FALSE,FALSE,FALSE,FALSE
800,JPN,Secret Shiny Necrozma,,Necrozma,,★,Cherish Ball,75,,Prism Armor,Timid,ひみつ,132,19/12/2019,A-button,,Classic,,@puripuripokemon > me,Obtained on twitter,Sun,,Off Site Question,,,Necrozma | ひみつ | 000132 | @puripuripokemon > me,7,7,TRUE,FALSE,FALSE,FALSE,FALSE
785,JPN,Melemele Island Shiny Tapu Koko,,TapuKoko,,★,Cherish Ball,60,,Electric Surge,Bold,ウラウラ,190222,24/11/2019,WC + SS + UN,,Classic,,@IpadMako > me,Traded on twitter. Unreceived and claimed for me,Sun,,Off Site Questions,,,Tapu Koko | ウラウラ | 190222 | @IpadMako > me,7,7,TRUE,FALSE,FALSE,FALSE,TRUE
786,JPN,Akala Island Tapu Lele,,TapuLele,,★,Cherish Ball,60,,Psychic Surge,Bashful,アーカラ,181130,28/1/2019,WC + SS + UN,,Classic,,@IpadMako > me,Traded on twitter. Unreceived and claimed for me,Sun,,Off Site Questions,,,Tapu Lele | アーカラ | 181130 | @IpadMako > me,7,7,TRUE,FALSE,FALSE,FALSE,TRUE
787,JPN,Ula'ula Island Shiny Tapu Bulu,,TapuBulu,,★,Cherish Ball,60,,Grassy Surge,Docile,ウラウラ,190222,21/4/2019,WC + SS + UN,,Classic,,@IpadMako > me,Traded on twitter. Unreceived and claimed for me,Sun,,Off Site Questions,,,Tapu Bulu | ウラウラ | 190222 | @IpadMako > me,7,7,TRUE,FALSE,FALSE,FALSE,TRUE
788,JPN,Poni Island Shiny Tapu Fini,,TapuFini,,★,Cherish Ball,60,,Misty Surge,Calm,ポニ,190419,23/6/2019,WC + SS + UN,,Classic,,@IpadMako > me,Traded on twitter. Unreceived and claimed for me,Sun,,Off Site Questions,,,Tapu Fini | ポニ | 190419 | @IpadMako > me,7,7,TRUE,FALSE,FALSE,FALSE,TRUE
491,KOR,Alamos Darkrai,,Darkrai,,,Cherish Ball,50,,Bad Dreams,Timid,"아라모스""",180606,,Lost,,Wishing,,Nluck > roachhhh > me,,Sun,,X,,,Darkrai | 아라모스 | 180606 | Nluck > roachhhh > me,7,7,TRUE,FALSE,FALSE,FALSE,FALSE
376,KOR,Suwoong Cheong's Metagross,,Metagross,,,Cherish Ball,50,,Clear Body,Jolly,정수웅,180915,15/9/2018,Full Video redemption,,Classic,,iceposs2000 > me,Traded on twitter,Sun,,Off Site Question,,,Metagross | 정수웅 | 180915 | iceposs2000 > me,7,7,TRUE,FALSE,FALSE,FALSE,FALSE
785,KOR,Korean League MeleMele Tapu Koko,,TapuKoko,,★,Cherish Ball,60,,Electric Surge,Timid,멜레멜레,170408,9/4/2017,Full Video redemption,,Classic,,iceposs2000 > me,Traded on twitter,Sun,,Off Site Question,,,Tapu Koko | 멜레멜레 | 170408 | iceposs2000 > me,7,7,TRUE,FALSE,FALSE,FALSE,FALSE
244,KOR,Korean League Season 1 Pokemon,,Entei,,,Cherish Ball,100,,Pressure,Adamant,코리안리그,181222,22/12/2018,Full Video redemption,,Classic,,iceposs2000 > me,Traded on twitter,Sun,,Off Site Question,,,Entei | 코리안리그 | 181222 | iceposs2000 > me,7,7,TRUE,FALSE,FALSE,FALSE,TRUE
243,KOR,Korean League Season 1 Pokemon,,Raikou,,,Cherish Ball,100,,Pressure,Timid,코리안리그,181222,22/12/2018,Full Video redemption,,Classic,,iceposs2000 > me,Traded on twitter,Sun,,Off Site Question,,,Raikou | 코리안리그 | 181222 | iceposs2000 > me,7,7,TRUE,FALSE,FALSE,FALSE,TRUE
642,KOR,Korean League Season 2 Pokemon,,Thundurus,,,Cherish Ball,100,,Prankster,Timid,코리안리그,190216,16/2/2019,Full Video redemption,,Classic,,iceposs2000 > me,Traded on twitter,Sun,,Off Site Question,,,Thundurus | 코리안리그 | 190216 | iceposs2000 > me,7,7,TRUE,FALSE,FALSE,FALSE,TRUE
641,KOR,Korean League Season 2 Pokemon,,Tornadus,,,Cherish Ball,100,,Prankster,Timid,코리안리그,190216,16/2/2019,Full Video redemption,,Classic,,iceposs2000 > me,Traded on twitter,Sun,,Off Site Question,,,Tornadus | 코리안리그 | 190216 | iceposs2000 > me,7,7,TRUE,FALSE,FALSE,FALSE,TRUE
380,KOR,Korean League Season 3 Pokemon,,Latias,,,Cherish Ball,100,,Levitate,Modest,코리안리그,190504,4/5/2019,Full Video redemption,,Classic,,iceposs2000 > me,Traded on twitter,Sun,,Off Site Question,,,Latias | 코리안리그 | 190504 | iceposs2000 > me,7,7,TRUE,FALSE,FALSE,FALSE,TRUE
381,KOR,Korean League Season 3 Pokemon,,Latios,,,Cherish Ball,100,,Levitate,Modest,코리안리그,190504,4/5/2019,Full Video redemption,,Classic,,iceposs2000 > me,Traded on twitter,Sun,,Off Site Question,,,Latios | 코리안리그 | 190504 | iceposs2000 > me,7,7,TRUE,FALSE,FALSE,FALSE,TRUE
643,KOR,Korean League Final Season Pokemon,,Reshiram,,,Cherish Ball,100,,Turboblaze,Modest,코리안리그,190608,8/6/2019,Full Video redemption,,Classic,,iceposs2000 > me,Traded on twitter,Sun,,Off Site Question,,,Reshiram | 코리안리그 | 190608 | iceposs2000 > me,7,7,TRUE,FALSE,FALSE,FALSE,TRUE
644,KOR,Korean League Final Season Pokemon,,Zekrom,,,Cherish Ball,100,,Teravolt,Jolly,코리안리그,190608,8/6/2019,Full Video redemption,,Classic,,iceposs2000 > me,Traded on twitter,Sun,,Off Site Question,,,Zekrom | 코리안리그 | 190608 | iceposs2000 > me,7,7,TRUE,FALSE,FALSE,FALSE,TRUE
683,ITA,Shigeki Morimoto's Pokémon,,Aromatisse,,,Cherish Ball,50,♂,Aroma Veil,Relaxed,Shigeshige,8055,2/12/2015,Redemption pictures,,Classic,,Steelfather > Morga95 > Me,,Sun,,,,,Aromatisse | Shigeshige | 08055 | Steelfather > Morga95 > Me,6,7,TRUE,FALSE,FALSE,FALSE,TRUE
626,ITA,Shigeki Morimoto's Pokémon,,Bouffalant,,,Cherish Ball,50,♂,Soundproof,Adamant,Shigeshige,8055,2/12/2015,Redemption pictures,,Classic,,Steelfather > Morga95 > Me,,Sun,,,,,Bouffalant | Shigeshige | 08055 | Steelfather > Morga95 > Me,6,7,TRUE,FALSE,FALSE,FALSE,TRUE
687,ITA,Shigeki Morimoto's Pokémon,,Malamar,,,Cherish Ball,50,♂,Contrary,Adamant,Shigeshige,8055,2/12/2015,Redemption pictures,,Classic,,Steelfather > Morga95 > Me,,Sun,,,,,Malamar | Shigeshige | 08055 | Steelfather > Morga95 > Me,6,7,TRUE,FALSE,FALSE,FALSE,TRUE
302,ITA,Shigeki Morimoto's Pokémon,,Sableye,,,Cherish Ball,50,♀,Prankster,Relaxed,Shigeshige,8055,2/12/2015,Redemption pictures,,Classic,,Steelfather > Morga95 > Me,,Sun,,,,,Sableye | Shigeshige | 08055 | Steelfather > Morga95 > Me,6,7,TRUE,FALSE,FALSE,FALSE,TRUE
6,ENG,PAL Shiny Charizard,,Charizard,,,Cherish Ball,36,♂,Blaze,Hasty,SPRING 2015,4015,8/4/2015,Redemption pictures,,Classic,,Mystica_ > Me,,AS,,Off Site Questions,,,PAL Shiny Charizard | 36 | ♂ | Mystica_ > Me,6,6,TRUE,FALSE,FALSE,FALSE,FALSE
385,JPN,20th Anniversary Legendaries,,Jirachi,,,Cherish Ball,100,,Serene Grace,Timid,GF,4016,23/6/2016,Redemption pictures,,Classic,,MiguelYx > Mystica_ > Me,,AS,,Off Site Questions,,,20th Anniversary Legendaries | 100 |  | MiguelYx > Mystica_ > Me,6,6,TRUE,FALSE,FALSE,FALSE,FALSE
385,KOR,20th Anniversary Legendaries,,Jirachi,,,Cherish Ball,100,,Serene Grace,Jolly,GF,4016,7/4/2016,Redemption pictures,,Classic,,MiguelYx > Mystica_ > Me,,AS,,Off Site Questions,,,20th Anniversary Legendaries | 100 |  | MiguelYx > Mystica_ > Me,6,6,TRUE,FALSE,FALSE,FALSE,FALSE
68,ENG,UK VGC Machamp,,Machamp,,,Cherish Ball,50,♂,No Guard,Adamant,ScreenPeekaz,5146,21/5/2016,Video,,battle-champion,,Ho-ohsMeMoney > Mystica_ > Me,,AS,,Off Site Questions,,,UK VGC Machamp | 50 | ♂ | Ho-ohsMeMoney > Mystica_ > Me,6,6,TRUE,FALSE,FALSE,FALSE,FALSE
144,JPN,Pokemon Scrap 2016,,Articuno,,,Cherish Ball,70,,Snow Cloak,Timid,Ｐスクラップ,3016,1/3/2016,WC + Receiving Video,,Classic,,スてっか > me,Traded on twitter. Unreceived and redeemed for me,aS,,Off Site Questions,,,Pokemon Scrap 2016 | 70 |  | スてっか > me,6,6,TRUE,FALSE,FALSE,FALSE,TRUE
146,JPN,Pokemon Scrap 2016,,Moltres,,,Cherish Ball,70,,Flame Body,Modest,Ｐスクラップ,3016,1/3/2016,WC + Receiving Video,,Classic,,スてっか > me,Traded on twitter. Unreceived and redeemed for me,aS,,Off Site Questions,,,Pokemon Scrap 2016 | 70 |  | スてっか > me,6,6,TRUE,FALSE,FALSE,FALSE,TRUE
145,JPN,Pokemon Scrap 2016,,Zapdos,,,Cherish Ball,70,,Static,Timid,Ｐスクラップ,3016,1/3/2016,WC + Receiving Video,,Classic,,スてっか > me,Traded on twitter. Unreceived and redeemed for me,aS,,Off Site Questions,,,Pokemon Scrap 2016 | 70 |  | スてっか > me,6,6,TRUE,FALSE,FALSE,FALSE,TRUE
150,JPN,Pokemon Scrap 2016,,Mewtwo,,★,Cherish Ball,70,,Static,Timid,Ｐスクラップ,3016,28/4/2016,WC + Receiving Video,,Classic,,スてっか > me,Traded on twitter. Unreceived and redeemed for me,aS,,Off Site Questions,,,Pokemon Scrap 2016 | 70 |  | スてっか > me,6,6,TRUE,FALSE,FALSE,FALSE,FALSE
155,JPN,Pokemon Lab Johto Starters,,Cyndaquil,,,Cherish Ball,5,♂,Blaze,Timid,ポケモンラボ,12235,23/6/2016,Redemption pictures,,Event,,Mystica_ > me,,AS,,Off Site Questions,,,Pokemon Lab Johto Starters | 5 | ♂ | Mystica_ > me,6,6,TRUE,FALSE,FALSE,FALSE,TRUE
158,JPN,Pokemon Lab Johto Starters,,Totodile,,,Cherish Ball,5,♂,Torrent,Jolly,ポケモンラボ,12235,23/6/2016,Redemption pictures,,Event,,Mystica_ > me,,AS,,Off Site Questions,,,Pokemon Lab Johto Starters | 5 | ♂ | Mystica_ > me,6,6,TRUE,FALSE,FALSE,FALSE,TRUE
152,JPN,Pokemon Lab Johto Starters,,Chikorita,,,Cherish Ball,5,♂,Overgrow,Bold,ポケモンラボ,12235,23/6/2016,Redemption pictures,,Event,,Mystica_ > me,,AS,,Off Site Questions,,,Pokemon Lab Johto Starters | 5 | ♂ | Mystica_ > me,6,6,TRUE,FALSE,FALSE,FALSE,TRUE
6,JPN,Pokémon Center Mega Tokyo Pokémon,,Charizard,,★,Cherish Ball,36,♂,Blaze,Timid,メガトウキョ,12124,14/12/2014,WC + SS + UN + Attendence,,Premier,,B_M0212 > Me,Traded on twitter,AS,,Off site questions,,,Pokémon Center Mega Tokyo Pokémon | 36 | ♂ | B_M0212 > Me,6,6,TRUE,FALSE,FALSE,FALSE,TRUE
25,JPN,Pokémon Center Mega Tokyo Pokémon,,Pikachu,,★,Cherish Ball,36,♂,Lightning Rod,Lax,メガトウキョ,12124,14/12/2014,WC + SS + UN + Attendence + Video,,Premier,,B_M0212 > Me,Traded on twitter. Unreceived and redeemed for me,AS,,Off site questions,,,Pokémon Center Mega Tokyo Pokémon | 36 | ♂ | B_M0212 > Me,6,6,TRUE,FALSE,FALSE,FALSE,TRUE
491,JPN,Wonderland Darkrai,,Darkrai,,,Cherish Ball,50,,Bad Dreams,Hasty,ふしぎのくに,4194,19/4/2014,WC + SS + UN + Video,,Wishing,,Himari_no_game_ > me,Traded on twitter. Unreceived and resetted for nature,AS,,Off Site Questions,,,Wonderland Darkrai | 50 |  | Himari_no_game_ > me,6,6,TRUE,FALSE,FALSE,FALSE,FALSE
719,JPN,Pokémon Center Diancie,,Diancie,,★,Cherish Ball,50,,Clear Body,Hasty,ポケセン,12125,13/12/2015,WC + UN,,Classic,,C2525oxo > Me,Traded on twitter,AS,,Off Site Questions,,,Pokémon Center Diancie | 50 |  | C2525oxo > Me,6,6,TRUE,FALSE,FALSE,FALSE,FALSE
719,KOR,Pokémon Center Diancie,,Diancie,,★,Cherish Ball,50,,Clear Body,Naive,ポケセン,12125,25/5/2015,Redemption,,Classic,,Meadowfresh > Mystica_ > me,,AS,,Off Site Questions,,,Pokémon Center Diancie | 50 |  | Meadowfresh > Mystica_ > me,6,6,TRUE,FALSE,FALSE,FALSE,FALSE
133,JPN,2016 Scrap Campaign,,Eevee,,★,Cherish Ball,15,♂,Anticipation,Adamant,Ｐスクラップ,3016,18/3/2016,Redemption,,Classic,,Mystica_ > me,,AS,,Off Site Questions,,,2016 Scrap Campaign |  | ♂ | Mystica_ > me,6,6,TRUE,FALSE,FALSE,FALSE,FALSE
133,KOR,2016 Scrap Campaign,,Eevee,,★,Cherish Ball,15,♂,Anticipation,Adamant,Ｐスクラップ,3016,20/4/2016,Redemption,,Classic,,Mystica_ > me,,AS,,Off Site Questions,,,2016 Scrap Campaign |  | ♂ | Mystica_ > me,6,6,TRUE,FALSE,FALSE,FALSE,FALSE
133,KOR,2016 Scrap Campaign,,Eevee,,★,Cherish Ball,15,♂,Anticipation,Timid,Ｐスクラップ,3016,25/3/2016,Redemption,,Classic,,Mystica_ > me,,AS,,Off Site Questions,,,2016 Scrap Campaign |  | ♂ | Mystica_ > me,6,6,TRUE,FALSE,FALSE,FALSE,FALSE
133,FRE,2016 Scrap Campaign,,Eevee,,★,Cherish Ball,15,♂,Anticipation,Bold,Ｐスクラップ,3016,26/6/2016,Redemption,,Classic,,Mystica_ > me,,AS,,Off Site Questions,,,2016 Scrap Campaign |  | ♂ | Mystica_ > me,6,6,TRUE,FALSE,FALSE,FALSE,FALSE
656,JPN,Pokémon Center Tokyo - Closing Commemoration,,Froakie,,,Cherish Ball,7,♂,Torrent,Careful,はままつちょ,12074,7/12/2014,WC + SS + UN + Attendence,,Souvenir,,C2525oxo > Me,Traded on twitter,AS,,Off Site Questions,,,Pokémon Center Tokyo - Closing Commemoration | 7 | ♂ | C2525oxo > Me,6,6,TRUE,FALSE,FALSE,FALSE,FALSE
393,JPN,Pokémon Center Tokyo - Closing Commemoration,,Piplup,,,Cherish Ball,7,♂,Torrent,Bold,はままつちょ,12074,6/12/2014,WC + SS + UN + Attendence,,Souvenir,,C2525oxo > Me,Traded on twitter,AS,,Off Site Questions,,,Pokémon Center Tokyo - Closing Commemoration | 7 | ♂ | C2525oxo > Me,6,6,TRUE,FALSE,FALSE,FALSE,FALSE
445,JPN,PGL Garchomp,,Garchomp,,,Cherish Ball,,♀,Sand Veil,Jolly,シロナ,7226,8/8/2016,Redemption,,Classic,,Mystica_ > me,,AS,,Off Site Questions,,,PGL Garchomp |  | ♀ | Mystica_ > me,6,6,TRUE,FALSE,FALSE,FALSE,FALSE
445,JPN,CoroCoro December Gift,,Garchomp,,,Cherish Ball,48,♂,Sand Veil,Adamant,コロコロ,11153,15/11/2013,WC + SS + UN + Video,,Classic,,Himari_no_game_ > me,Traded on twitter. Unreceived and resetted for nature,AS,,Off Site Questions,,,CoroCoro December Gift | 48 | ♂ | Himari_no_game_ > me,6,6,TRUE,FALSE,FALSE,FALSE,FALSE
658,JPN,Pokemon Election Greninja,,Greninja,,,Cherish Ball,100,,Protean,Naive,そうせんきょ,720,21/7/2016,Redemption,,Wishing,,Meadowfresh > Mystica_ > me,,AS,,Off Site Questions,,,Pokemon Election Greninja | 100 |  | Meadowfresh > Mystica_ > me,6,6,TRUE,FALSE,FALSE,FALSE,FALSE
720,JPN,Movie Hoopa,,Hoopa,,,Cherish Ball,50,,Magician,Bashful,えいがかん,7185,25/7/2015,Redemption,,Classic,,Meadowfresh > Mystica_ > me,,AS,,Off Site Questions,,,Movie Hoopa |  |  | Meadowfresh > Mystica_ > me,6,6,TRUE,FALSE,FALSE,FALSE,FALSE
720,KOR,Movie Hoopa,,Hoopa,,,Cherish Ball,50,,Magician,Naive,えいがかん,7185,28/7/2015,Redemption,,Classic,,Meadowfresh > Mystica_ > me,,AS,,Off Site Questions,,,Movie Hoopa |  |  | Meadowfresh > Mystica_ > me,6,6,TRUE,FALSE,FALSE,FALSE,FALSE
250,JPN,Pokémon Center Kyoto Ho-Oh,,Ho-oh,,★,Cherish Ball,50,,Pressure,Lonely,PCキョウト,3166,19/3/2016,WC + UN,,Souvenir,,IpadMako > me,Traded on twitter. Unreceived and claimed for me,AS,,Off Site Questions,,,Pokémon Center Kyoto Ho-Oh | 50 |  | IpadMako > me,6,6,TRUE,FALSE,FALSE,FALSE,FALSE
250,JPN,Pokémon Center Kyoto Ho-Oh,,Ho-oh,,★,Cherish Ball,50,,Pressure,Naughty,PCキョウト,3166,26/3/2016,WC + Attendence,,Souvenir,,C2525oxo > Me,Traded on twitter,AS,,Off Site Questions,,,Pokémon Center Kyoto Ho-Oh | 50 |  | C2525oxo > Me,6,6,TRUE,FALSE,FALSE,FALSE,FALSE
250,JPN,Pokémon Center Kyoto Ho-Oh,,Ho-oh,,★,Cherish Ball,50,,Pressure,Careful,PCキョウト,3166,16/3/2016,Video,,Souvenir,,Mocky2222 > blackaurora > me,,AS,,,,,Pokémon Center Kyoto Ho-Oh | 50 |  | Mocky2222 > blackaurora > me,6,6,TRUE,FALSE,FALSE,FALSE,FALSE
250,JPN,Pokémon Center Kyoto Ho-Oh,,Ho-oh,,★,Cherish Ball,50,,Pressure,Gentle,PCキョウト,3166,19/3/2016,Video + Custom redemption proof,,Souvenir,,Meadow-Fresh > Keroblade > Me,From r/pokemonexchange. Unreceived and claimed for me,AS,,Off Site Questions,,,Pokémon Center Kyoto Ho-Oh | 50 |  | Meadow-Fresh > Keroblade > Me,6,6,TRUE,FALSE,FALSE,FALSE,FALSE
385,JPN,2014 Tanabata Jirachi,,Jirachi,,★,Cherish Ball,10,,Serene Grace,Jolly,たなばた,8014,1/8/2014,WC + SS + UN + Video,,Classic,,Himari_no_game_ > me,Traded on twitter. Unreceived and resetted for nature,AS,,Off Site Questions,,,2014 Tanabata Jirachi | 10 |  | Himari_no_game_ > me,6,6,TRUE,FALSE,FALSE,FALSE,FALSE
385,JPN,2015 Tanabata Jirachi,,Jirachi,,,Cherish Ball,100,,Serene Grace,Relaxed,ひこぼし,7185,8/8/2015,WC + SS + UN,,Classic,,IpadMako > me,Traded on twitter. Unreceived and claimed for me,AS,,Off Site Questions,,,2015 Tanabata Jirachi | 100 |  | IpadMako > me,6,6,TRUE,FALSE,FALSE,FALSE,FALSE
385,JPN,2015 Tanabata Jirachi,,Jirachi,,,Cherish Ball,100,,Serene Grace,Lonely,おりひめ,7185,8/8/2015,WC + SS + UN,,Classic,,IpadMako > me,Traded on twitter. Unreceived and claimed for me,AS,,Off Site Questions,,,2015 Tanabata Jirachi | 100 |  | IpadMako > me,6,6,TRUE,FALSE,FALSE,FALSE,FALSE
647,JPN,Pokémon Scrap 2014,,Keldeo,,,Cherish Ball,15,,Justified,Jolly,Pスクラップ,12014,8/8/2015,WC + SS + UN,,Classic,,IpadMako > me,Traded on twitter. Unreceived and claimed for me,AS,,Off Site Questions,,,Pokémon Scrap 2014 | 15 |  | IpadMako > me,6,6,TRUE,FALSE,FALSE,FALSE,TRUE
494,JPN,Pokémon Scrap 2014,,Victini,,,Cherish Ball,15,,Victory Star,Lax,Pスクラップ,12015,15/3/2015,WC + SS + UN,,Classic,,IpadMako > me,Traded on twitter. Unreceived and claimed for me,AS,,Off Site Questions,,,Pokémon Scrap 2014 | 15 |  | IpadMako > me,6,6,TRUE,FALSE,FALSE,FALSE,TRUE
492,JPN,Pokémon Scrap 2014,,Shaymin,,,Cherish Ball,15,,Natural Cure,Sassy,Pスクラップ,12016,15/3/2015,WC + SS + UN,,Classic,,IpadMako > me,Traded on twitter. Unreceived and claimed for me,AS,,Off Site Questions,,,Pokémon Scrap 2014 | 15 |  | IpadMako > me,6,6,TRUE,FALSE,FALSE,FALSE,TRUE
150,JPN,Nintendo HK Shiny Mewtwo,,Mewtwo,,★,Cherish Ball,,,Unnerve,Timid,Nintendo HK,6096,14/6/2016,Redemption,,Classic,,Mystica_ > me,,AS,,Off Site Questions,,,Nintendo HK Shiny Mewtwo         |  |  | Mystica_ > me,6,6,TRUE,FALSE,FALSE,FALSE,FALSE
25,JPN,Atsuto Uchida Pikachu,,Pikachu,,,Cherish Ball,22,♂,Static,Hardy,ウチダアツト,22,15/6/2014,WC + SS + UN + Video,,Classic,,inuwashipokeaka > me,Traded on twitter. Unreceived and claimed for me,AS,,Off Site Questions,,,Atsuto Uchida Pikachu | 22 | ♂ | inuwashipokeaka > me,6,6,TRUE,FALSE,FALSE,FALSE,FALSE
25,KOR,Pokemon Center Online Opening,,Pikachu,,,Cherish Ball,10,♂,Static,Naive,オンライン,2056,23/6/2016,Redemption,,Souvenir,,Mystica_ > me,,AS,,Off Site Questions,,,Pokemon Center Online Opening | 10 | ♂ | Mystica_ > me,6,6,TRUE,FALSE,FALSE,FALSE,FALSE
25,KOR,Satay King Pikachu,,Pikachu,,,Cherish Ball,,♀,Static,Mild,Satay King,8095,23/8/2015,Redemption,,Classic,,Mystica_ > me,,AS,,Off Site Questions,,,Satay King Pikachu |  | ♀ | Mystica_ > me,6,6,TRUE,FALSE,FALSE,FALSE,FALSE
25,JPN,Minato Mirai Heart Stamp Pikachu,,Pikachu,,,Cherish Ball,10,♀,Static,Hasty,みなとみらい,8094,13/8/2014,WC + Attendence,,Event,,C2525oxo > Me,Traded on twitter,AS,,Off Site Questions,,,Minato Mirai Heart Stamp Pikachu | 10 | ♀ | C2525oxo > Me,6,6,TRUE,FALSE,FALSE,FALSE,FALSE
384,JPN,World Hobby Fair '15 Rayquaza,,Rayquaza,,★,Cherish Ball,100,,Air Lock,Jolly,ＷＨＦ１５,1185,8/2/2015,WC + SS + UN,,Classic,,IpadMako > me,Traded on twitter. Unreceived and claimed for me,AS,,Off Site Questions,,,World Hobby Fair '15 Rayquaza | 100 |  | IpadMako > me,6,6,TRUE,FALSE,FALSE,FALSE,FALSE
80,KOR,PC Mega Evo Distribution,,Slowbro,,,Cherish Ball,50,♂,Oblivious,Quiet,ポケセン,1166,12/3/2016,Redemption,,Classic,,Meadowfresh > Mystica_ > me,,AS,,Off Site Questions,,,PC Mega Evo Distribution         |  | ♂ | Meadowfresh > Mystica_ > me,6,6,TRUE,FALSE,FALSE,FALSE,FALSE
666,JPN,Pokémon Center Poké Ball Pattern Vivillon,,Vivillon,,,Cherish Ball,12,♀,,Rash,ポケセン,8014,10/8/2015,WC + SS + UN,,Classic,,IpadMako > me,Traded on twitter. Unreceived and claimed for me,AS,,Off Site Questions,,,Pokémon Center Poké Ball Pattern Vivillon | 12 | ♀ | IpadMako > me,6,6,TRUE,FALSE,FALSE,FALSE,FALSE
666,JPN,Pokémon Center Hiroshima Repeat Poké Ball Pattern Vivillon,,Vivillon,,,Cherish Ball,12,♀,,Adamant,ポケセン,8014,22/5/2016,WC + SS + UN,,Classic,,IpadMako > me,Traded on twitter. Unreceived and claimed for me,AS,,Off Site Questions,,,Pokémon Center Hiroshima Repeat Poké Ball Pattern Vivillon | 12 | ♀ | IpadMako > me,6,6,TRUE,FALSE,FALSE,FALSE,FALSE
721,JPN,M19 Nebel's Volcanion,,Volcanion,,,Cherish Ball,50,,Water Absorb,Modest,ネーベル,4166,20/4/2016,Redemption,,Classic,,Mystica_ > me,,AS,,Off Site Questions,,,M19 Nebel's Volcanion |  |  | Mystica_ > me,6,6,TRUE,FALSE,FALSE,FALSE,FALSE
202,JPN,Pokemon Tretta Distribution,,Wobbuffet,,,Cherish Ball,10,♂,Shadow Tag,Bold,ヌケッタ,12063,15/12/2013,WC + SS + UN + Video,,Classic,,Himari_no_game_ > me,Traded on twitter. Unreceived and resetted for nature,AS,,OSQ,,,Pokemon Tretta Distribution | 10 | ♂ | Himari_no_game_ > me,6,6,TRUE,FALSE,FALSE,FALSE,FALSE
385,ENG,Nintendo HK Jirachi,,Jirachi,,★,Cherish Ball,25,,Serene Grace,Jolly,Nintendo HK,12015,2/12/2015,Video,,Classic,,sangvoel > Endy1102 > Sabercallisto > KaitoGL > me,from r/pokemonexchange,AS,,Off Site Questions,X,X,Jirachi | Nintendo HK | 12015 | sangvoel > Endy1102 > Sabercallisto > KaitoGL > me,6,6,TRUE,FALSE,FALSE,FALSE,FALSE
385,ENG,Nintendo HK Jirachi,,Jirachi,,★,Cherish Ball,25,,Serene Grace,Hasty,Nintendo HK,12015,28/1/2016,Video + Custom proof,,Classic,,Keroblade > me,from r/pokemonexchange. Custom redeem and proof,AS,,Off Site Questions,,,Jirachi | Nintendo HK | 12015 | Keroblade > me,6,6,TRUE,FALSE,FALSE,FALSE,FALSE
487,JPN,Dahara City Giratina,,Giratina,,,Cherish Ball,50,,Levitate,Brave,데세르시티,11265,25/12/2015,Redemption,,Wishing,,ObliviousLush > Mystica_ > me,,AS,,Off Site Questions,,,Dahara City Giratina | 50 |  | ObliviousLush > Mystica_ > me,6,6,TRUE,FALSE,FALSE,FALSE,FALSE
487,KOR,Dahara City Giratina,,Giratina,,,Cherish Ball,50,,Levitate,Brave,데세르시티,11265,23/6/2016,Redemption,,Classic,,ObliviousLush > Mystica_ > me,(Redeemed on birthday of Mystica_),AS,,Off Site Questions,,,Dahara City Giratina | 50 |  | ObliviousLush > Mystica_ > me,6,6,TRUE,FALSE,FALSE,FALSE,FALSE
264,KOR,WCSK15 Linoone,,Linoone,,,Cherish Ball,50,♂,Gluttony,Jolly,WCSK15,3055,43689,Redemption,,event,,Puh7777 > blackaurora > me,,AS,,,X,,WCSK15 Linoone | 50 | ♂ | Puh7777 > blackaurora > me,6,6,,,,,
151,KOR,Pokemon Day Korea,,Mew,,,Cherish Ball,60,,Synchronize,Calm,게임프리크,22796,23/6/2016,Redemption,,Classic,,whlzki > Mystica_ > Me,,AS,,Off Site Questions,,,Pokemon Day Korea | 60 |  | whlzki > Mystica_ > Me,6,6,TRUE,FALSE,FALSE,FALSE,FALSE
720,JPN,Korean Movie Legendaries,,Hoopa,,,Cherish Ball,100,,Magician,Modest,영화관,12235,23/6/2016,Video,,Classic,,ObliviousLush > Mystica_ > me,,AS,,Off Site Questions,,,Korean Movie Legendaries | 100 |  | ObliviousLush > Mystica_ > me,6,6,TRUE,FALSE,FALSE,FALSE,TRUE
493,JPN,Korean Movie Legendaries,,Arceus,,,Cherish Ball,100,,Multitype,Jolly,데세르시티,12235,25/3/2016,Video,,Classic,,ObliviousLush > Mystica_ > me,,AS,,Off Site Questions,,,Korean Movie Legendaries | 100 |  | ObliviousLush > Mystica_ > me,6,6,TRUE,FALSE,FALSE,FALSE,TRUE
633,KOR,Year of the Dragon,,Deino,,★,Cherish Ball,,,Hustle,,용의해,8232,,None,,,,Chanti10 (bisaboard) -> mike911t -> Kookykracks -> me,,AS,,,X,,Year of the Dragon |  |  | Chanti10 (bisaboard) -> mike911t -> Kookykracks -> me,6,6,TRUE,FALSE,FALSE,FALSE,FALSE
648,ENG,Spring 2013 Meloetta,,Meloetta,,,Cherish Ball,50,,Serene Grace,Serious,SPR2013,3013,,WC + SS + UN,,Wishing,,michelob2121 → me,,XY,,,,,Meloetta | SPR2013 | 03013 | michelob2121 → me,5,6,FALSE,FALSE,FALSE,FALSE,FALSE
150,ENG,February 2012 Mewtwo,,Mewtwo,,,Cherish Ball,70,,Pressure,Lax,40940,2112,,WC + SS + UN,,Premier,,michelob2121 → me,,XY,,,,,Mewtwo | 40940 | 02112 | michelob2121 → me,5,6,FALSE,FALSE,FALSE,FALSE,FALSE
494,ENG,Movie14 Victini,,Victini,,,Cherish Ball,50,,Victory Star,Brave,Movie14,12031,,WC + SS + UN,,Wishing,,michelob2121 → me,,XY,,,,,Victini | Movie14 | 12031 | michelob2121 → me,5,6,FALSE,FALSE,FALSE,FALSE,FALSE
386,ENG,Pokémon Ranger: Guardian Signs,,Deoxys-Defense,,,Dusk Ball,50,,Pressure,Calm,Oblivia,3060,,Video,,Classic,,u/Marowakawaka → me,,Home,,,,,Deoxys (Defense) | Oblivia | 03060 | u/Marowakawaka → me,5,6,TRUE,FALSE,FALSE,FALSE,FALSE
647,JPN,Shokotan Keldeo,,Keldeo,,,Cherish Ball,15,,Justified,Timid,しょこたん,6232,15/7/2012,WC + Video receiving,,Wishing,,PkmnRim → me,Traded on Twitter. Unclaimed and redeemed for me,AS,,Off Site Questions,,,Keldeo | しょこたん | 06232 | PkmnRim → me,5,6,TRUE,FALSE,FALSE,FALSE,FALSE
150,JPN,Pokemon Hills Mewtwo,,Mewtwo,,,Cherish Ball,100,,Unnerve,Timid,Ｐヒルズ,6153,16/8/2013,WC + Video receiving,,Wishing,,PkmnRim → me,Traded on Twitter. Unclaimed and redeemed for me,AS,,Off Site Questions,,,Mewtwo | Ｐヒルズ | 06153 | PkmnRim → me,5,6,TRUE,FALSE,FALSE,FALSE,FALSE
150,JPN,Pokemon Smash! Mewtwo,,Mewtwo,,,Cherish Ball,70,,Pressure,Modest,ポケスマ!,9261,26/9/2011,WC + Video receiving,,Premier,,PkmnRim → me,Traded on Twitter. Unclaimed and redeemed for me,AS,,Off Site Questions,,,Mewtwo | ポケスマ! | 09261 | PkmnRim → me,5,6,TRUE,FALSE,FALSE,FALSE,FALSE
384,JPN,Nobunaga Rayquaza,,Rayquaza,,,Cherish Ball,70,,Air Lock,Adamant,ノブナガ,3172,16/4/2012,WC + Video receiving,,Classic,,PkmnRim → me,Traded on Twitter. Unclaimed and redeemed for me,AS,,Off Site Questions,,,Rayquaza | ノブナガ | 03172 | PkmnRim → me,5,6,TRUE,FALSE,FALSE,FALSE,FALSE
384,JPN,Pokémon Popularity Poll Winner,,Rayquaza,,,Cherish Ball,100,,Air Lock,Jolly,せんきょ,2102,27/2/2012,WC + Video receiving,,Classic,,PkmnRim → me,Traded on Twitter. Unclaimed and redeemed for me,AS,,Off Site Questions,,,Rayquaza | せんきょ | 02102 | PkmnRim → me,5,6,TRUE,FALSE,FALSE,FALSE,FALSE
212,JPN,Goone's Scizor,,Scizor,,,Cherish Ball,50,♂,Swarm,Adamant,グーン,6180,11/7/2010,WC + SS,,Classic,,PkmnRim → me,Traded on Twitter. Unclaimed and redeemed for me,AS,,Off Site Questions,,,Scizor | グーン | 06180 | PkmnRim → me,4,6,TRUE,FALSE,FALSE,FALSE,FALSE
